--
-- PostgreSQL database dump
--

SET statement_timeout = 0;
SET lock_timeout = 0;
SET client_encoding = 'UTF8';
SET standard_conforming_strings = on;
SET check_function_bodies = false;
SET client_min_messages = warning;

SET search_path = public, pg_catalog;

--
-- Data for Name: days; Type: TABLE DATA; Schema: public; Owner: LaMonte
--

COPY days (id, day) FROM stdin;
1	Monday
2	Tuesday
3	Wednesday
4	Thursday
5	Friday
\.


--
-- Name: days_id_seq; Type: SEQUENCE SET; Schema: public; Owner: LaMonte
--

SELECT pg_catalog.setval('days_id_seq', 5, true);


--
-- Data for Name: engineers; Type: TABLE DATA; Schema: public; Owner: LaMonte
--

COPY engineers (id, user_name, first_name, last_name, password) FROM stdin;
\.


--
-- Name: engineers_id_seq; Type: SEQUENCE SET; Schema: public; Owner: LaMonte
--

SELECT pg_catalog.setval('engineers_id_seq', 1, false);


--
-- Data for Name: time_slots; Type: TABLE DATA; Schema: public; Owner: LaMonte
--

COPY time_slots (id, day_id, times_id, user_id, engineer_id) FROM stdin;
1	1	1	\N	\N
2	1	2	\N	\N
3	1	3	\N	\N
4	1	4	\N	\N
5	1	5	\N	\N
6	1	6	\N	\N
7	2	1	\N	\N
8	2	2	\N	\N
9	2	3	\N	\N
10	2	4	\N	\N
11	2	5	\N	\N
12	2	6	\N	\N
13	3	1	\N	\N
14	3	2	\N	\N
15	3	3	\N	\N
16	3	4	\N	\N
17	3	5	\N	\N
18	3	6	\N	\N
19	4	1	\N	\N
20	4	2	\N	\N
21	4	3	\N	\N
22	4	4	\N	\N
23	4	5	\N	\N
24	4	6	\N	\N
25	5	1	\N	\N
26	5	2	\N	\N
27	5	3	\N	\N
28	5	4	\N	\N
29	5	5	\N	\N
30	5	6	\N	\N
\.


--
-- Name: time_slots_id_seq; Type: SEQUENCE SET; Schema: public; Owner: LaMonte
--

SELECT pg_catalog.setval('time_slots_id_seq', 30, true);


--
-- Data for Name: times; Type: TABLE DATA; Schema: public; Owner: LaMonte
--

COPY times (id, time_slot) FROM stdin;
1	1:00 - 1:20
2	1:20 - 1:40
3	1:40 - 2:00
4	2:00 - 2:20
5	2:20 - 2:40
6	2:40 - 3:00
\.


--
-- Name: times_id_seq; Type: SEQUENCE SET; Schema: public; Owner: LaMonte
--

SELECT pg_catalog.setval('times_id_seq', 6, true);


--
-- Data for Name: users; Type: TABLE DATA; Schema: public; Owner: LaMonte
--

COPY users (id, user_name, first_name, last_name, password) FROM stdin;
\.


--
-- Name: users_id_seq; Type: SEQUENCE SET; Schema: public; Owner: LaMonte
--

SELECT pg_catalog.setval('users_id_seq', 2, true);


--
-- PostgreSQL database dump complete
--

